Date,Open,High,Low,Close,Volume,OpenInt,Predictions
20160420,226.2,227.5,218.57,219.23,1832346.0,0.0,226.43021152628245
20160421,219.97,221.17,214.3,220.75,2354701.0,0.0,219.34565443037974
20160422,218.82,220.69,217.13,218.88,1036729.0,0.0,220.86654269449716
20160425,217.98,230.42,215.41,228.94,5435974.0,0.0,218.9952869785082
20160426,230.05,235.92,228.74,232.33,4767965.0,0.0,229.06156917245735
20160427,231.13,233.61,227.75,228.3,1725141.0,0.0,232.45363257575758
20160428,228.93,235.46,227.42,231.97,2337541.0,0.0,228.42101198738172
20160429,229.64,235.03,226.42,234.73,2413916.0,0.0,232.0932496847415
20160502,234.74,241.85,232.53,239.47,2359504.0,0.0,234.85491115311908
20160503,238.4,239.44,234.73,235.2,1132862.0,0.0,239.59781738035264
20160504,231.93,237.29,231.69,234.94,932521.0,0.0,235.32504971680302
20160505,235.01,237.36,233.63,234.48,943956.0,0.0,235.0648075471698
20160506,233.39,236.25,232.15,235.48,1411071.0,0.0,234.60443997485856
20160509,236.03,238.14,234.21,236.1,1377673.0,0.0,235.60498994974873
20160510,235.68,239.47,235.68,239.43,1667574.0,0.0,236.225300690521
20160511,238.9,241.9,237.48,240.23,3118131.0,0.0,239.5573111668758
20160512,242.46,242.84,234.45,236.63,4758602.0,0.0,240.3577329153605
20160513,235.24,238.71,234.31,237.31,3626319.0,0.0,236.75539724310775
20160516,228.62,232.53,225.17,225.17,11578883.0,0.0,237.43574452097684
20160517,225.17,230.84,222.34,224.91,11306508.0,0.0,225.28806883604503
20160518,224.91,228.29,222.5,227.41,4074558.0,0.0,225.02783239524703
20160519,225.8,230.49,225.73,227.61,2754254.0,0.0,227.52932125
20160520,227.46,233.7,227.16,233.11,4854798.0,0.0,227.72937164272332
20160523,232.2,233.19,223.61,225.0,5624926.0,0.0,233.23273033707866
20160524,224.21,229.0,223.09,228.51,2927638.0,0.0,225.1175945102932
20160525,227.46,229.37,224.05,225.6,3674988.0,0.0,228.62970947630922
20160526,222.89,226.19,218.46,219.04,2955882.0,0.0,225.71782180685358
20160527,217.01,222.02,217.01,219.97,2464151.0,0.0,219.15366376089662
20160531,220.06,220.98,216.1,218.86,2089998.0,0.0,220.08417174859989
20160601,222.5,227.51,220.1,227.5,2701118.0,0.0,218.9734104477612
20160602,225.77,228.715,225.19,227.82,2620630.0,0.0,227.61870975761343
20160603,227.41,227.81,224.12,224.95,1198665.0,0.0,227.9388347826087
20160606,224.92,225.95,221.15,221.68,2525143.0,0.0,225.06697951582868
20160607,221.31,223.41,220.52,220.8,1588758.0,0.0,221.79487841191067
20160608,218.13,223.16,218.04,223.08,2508917.0,0.0,220.91426162430255
20160609,222.19,223.23,221.09,222.97,1460699.0,0.0,223.19560346964064
20160610,220.26,224.24,218.72,223.59,1809363.0,0.0,223.08546377708979
20160613,223.42,226.35,223.04,223.28,2428555.0,0.0,223.705775990099
20160614,228.94,228.94,220.498,222.24,3500029.0,0.0,223.3955126777984
20160615,221.85,223.78,220.28,221.19,1367931.0,0.0,222.35479851668728
20160616,222.73,222.825,220.148,221.48,1456373.0,0.0,221.30407906114885
20160617,221.63,223.025,219.47,221.05,5136387.0,0.0,221.594187654321
20160620,224.45,225.17,221.0,221.12,1260769.0,0.0,221.16385194324494
20160621,220.35,223.0,220.08,222.81,1205237.0,0.0,221.23382490752158
20160622,222.46,224.01,220.62,222.39,1345696.0,0.0,222.92479605668515
20160623,223.28,225.4,221.047,224.87,1542879.0,0.0,222.50446674876846
20160624,219.17,224.23,215.18,216.8,4535634.0,0.0,224.98592246153848
20160627,215.23,217.63,214.06,216.28,2137377.0,0.0,216.9108880688807
20160628,217.52,220.62,216.09,218.38,1277258.0,0.0,216.39050030731408
20160629,220.0,228.185,219.88,227.37,1795008.0,0.0,218.49172235872234
20160630,226.92,229.8,225.74,228.64,1753891.0,0.0,227.48717249846533
20160701,228.68,232.645,226.91,232.29,1629032.0,0.0,228.75787975460122
20160705,231.67,234.465,230.19,231.78,1156196.0,0.0,232.41004537093806
20160706,231.0,232.99,229.01,232.78,721250.0,0.0,231.8996593137255
20160707,232.34,235.2,232.02,234.87,841445.0,0.0,232.90019840783833
20160708,237.06,238.27,235.89,237.17,1358658.0,0.0,234.99140391676866
20160711,238.08,240.1,237.08,239.88,902560.0,0.0,237.2927363914373
20160712,239.52,241.48,237.79,238.45,1141537.0,0.0,240.00431784841075
20160713,239.86,240.45,237.295,237.47,872971.0,0.0,238.57336835675014
20160714,239.24,239.94,235.94,239.11,755958.0,0.0,237.59269474969474
20160715,240.41,240.41,234.21,234.99,949271.0,0.0,239.23362050030508
20160718,235.19,236.26,233.27,234.34,611106.0,0.0,235.11103292682927
20160719,234.13,235.0,231.9,232.01,1048828.0,0.0,234.460563071298
20160720,232.91,236.54,227.63,236.19,1750939.0,0.0,232.12907064555418
20160721,234.83,240.87,233.7,240.48,1595618.0,0.0,236.31154230066952
20160722,241.36,244.44,239.0,243.47,1381307.0,0.0,240.60407785888077
20160725,243.35,244.51,240.095,240.69,884955.0,0.0,243.59582006079026
20160726,241.69,242.61,235.21,237.98,969162.0,0.0,240.8140546780073
20160727,239.94,240.29,236.68,237.72,926694.0,0.0,238.10233394049786
20160728,237.07,239.39,237.07,237.8,655407.0,0.0,237.84210194174756
20160729,238.55,238.89,234.77,234.87,827718.0,0.0,237.92207640994545
20160801,235.54,238.96,234.16,235.96,1445669.0,0.0,234.99022666666667
20160802,237.51,238.53,235.18,235.79,1112892.0,0.0,236.08081405208966
20160803,235.75,237.72,234.79,237.11,782993.0,0.0,235.91063801452785
20160804,236.89,238.94,235.9,236.99,673161.0,0.0,237.23136358136722
20160805,238.01,238.435,234.41,234.79,844665.0,0.0,237.11121765417172
20160808,234.55,239.37,233.0,236.82,1681115.0,0.0,234.90981510574017
20160809,237.0,260.39,236.06,255.76,5000475.0,0.0,236.94096859903382
20160810,255.77,257.38,253.206,254.07,1722856.0,0.0,255.89232589016294
20160811,253.21,258.36,252.5,258.06,1260618.0,0.0,254.2012267792521
20160812,256.53,258.9,255.04,258.62,877853.0,0.0,258.193552742616
20160815,259.49,261.75,259.03,260.51,973761.0,0.0,258.75380963855423
20160816,260.49,261.43,256.73,257.14,705365.0,0.0,260.6448669476219
20160817,256.3,258.9,254.21,257.47,866591.0,0.0,257.27275812274365
20160818,257.35,258.88,253.415,254.83,1590249.0,0.0,257.6028767288034
20160819,253.53,253.96,250.75,252.63,1311834.0,0.0,254.96121033653847
20160822,253.08,253.08,250.05,252.65,839671.0,0.0,252.75981021021022
20160823,253.44,254.31,250.92,252.24,750348.0,0.0,252.7797442977191
20160824,251.6,253.87,249.88,251.74,661922.0,0.0,252.36942051589682
20160825,251.79,253.34,251.01,252.07,311747.0,0.0,251.86904316546764
20160826,252.73,253.34,249.125,250.93,660033.0,0.0,252.19916357100058
20160829,251.69,255.0,251.69,252.31,915722.0,0.0,251.0584035928144
20160830,251.55,256.72,250.9,256.03,1143178.0,0.0,252.4391526032316
20160831,255.26,258.35,254.44,257.21,1128638.0,0.0,256.16130023923444
20160901,267.0,272.81,264.37,268.82,6927432.0,0.0,257.34192707710696
20160902,268.68,272.96,268.68,271.79,3104058.0,0.0,268.9587837514934
20160906,279.95,279.95,270.02,274.67,4360670.0,0.0,271.93047402985076
20160907,273.42,277.69,272.65,277.42,7083182.0,0.0,274.8121085918855
20160908,276.2,276.45,267.38,268.66,4469965.0,0.0,277.56366368515205
20160909,266.36,267.49,264.12,264.12,2498611.0,0.0,268.798357568534
20160912,263.76,269.7,263.27,269.31,2071745.0,0.0,264.25557117331743
20160913,266.81,268.46,262.57,264.98,1696153.0,0.0,269.44857976190474
20160914,262.11,267.91,262.11,266.69,1002618.0,0.0,265.11592147531235
20160915,265.93,268.83,264.76,266.27,1408105.0,0.0,266.82685731272295
20160916,266.22,266.87,264.16,265.94,2150972.0,0.0,266.40652644087936
20160919,266.38,268.09,262.7,262.93,1747707.0,0.0,266.07624940617575
20160920,264.21,266.0,261.68,264.56,1783828.0,0.0,263.0643821958457
20160921,266.0,274.78,266.0,274.27,1905948.0,0.0,264.69526927639384
20160922,276.0,277.62,273.51,276.73,1298735.0,0.0,274.4109448725548
20160923,275.65,276.95,274.89,276.08,637493.0,0.0,276.87231872037916
20160926,275.02,275.63,272.49,273.82,1021969.0,0.0,276.2218496151569
20160927,273.33,277.77,271.31,275.4,1014299.0,0.0,273.96042840236686
20160928,275.4,276.61,273.66,276.57,879277.0,0.0,275.5412797161443
20160929,275.26,276.11,269.14,271.83,1372047.0,0.0,276.7118877068558
20160930,268.9,272.41,268.9,269.97,1555181.0,0.0,271.96900413467216
20161003,269.68,270.99,266.05,268.16,1604593.0,0.0,270.1078240850059
20161004,267.38,269.56,265.93,267.41,1429536.0,0.0,268.29667492625373
20161005,268.73,269.3,266.19,267.08,1098716.0,0.0,267.54615212264156
20161006,267.0,269.46,266.36,268.17,752307.0,0.0,267.21587743076014
20161007,269.04,269.04,266.92,266.97,1250863.0,0.0,268.30643934040046
20161010,268.3,268.85,266.24,267.85,1776150.0,0.0,267.10565273690406
20161011,262.32,263.82,257.51,257.86,2886395.0,0.0,267.9860905882353
20161012,257.91,259.33,256.82,256.89,1115841.0,0.0,257.9901375661376
20161013,255.72,257.27,253.38,256.4,1007957.0,0.0,257.019491186839
20161014,257.92,261.325,255.80599999999998,257.59,894137.0,0.0,256.5291274221961
20161017,257.82,260.2,256.98,257.52,630750.0,0.0,257.71975
20161018,259.62,261.51,259.51,259.95,854195.0,0.0,257.64963284457474
20161019,260.81,262.92,259.42,260.2,1114173.0,0.0,260.0809812426729
20161020,260.5,260.54,257.56,258.12,1338545.0,0.0,260.3310509666081
20161021,256.2,257.37,254.08,255.04,1912969.0,0.0,258.24975644028103
20161024,257.26,259.78,254.72,259.6,1330127.0,0.0,255.16787829139847
20161025,259.99,261.01,256.02,257.06,1512485.0,0.0,259.7304701754386
20161026,256.6,257.15,247.0,248.64,2736148.0,0.0,257.1889094097019
20161027,249.04,249.88,242.47,244.1,2717180.0,0.0,248.7639158878505
20161028,245.02,252.255,245.02,249.25,1941951.0,0.0,244.22119322825452
20161031,250.62,251.25,247.386,249.89,1230026.0,0.0,249.37412718786464
20161101,250.0,251.27,245.43,249.57,1676428.0,0.0,250.01442798833818
20161102,249.36,254.55,248.29,252.91,3472057.0,0.0,249.69416899766898
20161103,267.57,269.19,242.64,247.42,4560570.0,0.0,253.03604193360513
20161104,241.5,254.43,241.5,250.23,2424186.0,0.0,247.54277299185097
20161107,254.73,257.495,252.9,257.16,2221469.0,0.0,250.35433624200115
20161108,257.58,263.32,255.37,262.26,1656792.0,0.0,257.28829302325585
20161109,259.13,277.98,259.0,269.83,4212641.0,0.0,262.39118187100524
20161110,271.2,281.355,266.58,270.87,4918096.0,0.0,269.96550174216026
20161111,269.07,273.79,265.32,272.44,2066956.0,0.0,271.0060266976204
20161114,272.29,273.99,263.06,263.14,2474958.0,0.0,272.5768584686775
20161115,263.21,267.86,259.95,260.2,2688198.0,0.0,263.27138782608694
20161116,260.0,262.64,258.63,261.99,2329172.0,0.0,260.32960834298956
20161117,262.2,266.57,261.205,265.44,1249566.0,0.0,262.1205697741749
20161118,264.19,266.0,260.0,262.67,1648018.0,0.0,265.57249074074076
20161121,263.82,265.71,260.17,264.1,1508240.0,0.0,262.8008120300752
20161122,264.94,273.26,264.26,273.02,2473228.0,0.0,264.23156300578034
20161123,272.34,273.95,270.65,272.31,1192705.0,0.0,273.1566400924321
20161125,273.0,275.92900000000003,272.06,275.5,563843.0,0.0,272.44615127020785
20161128,275.71,275.82,270.28,270.82,1521078.0,0.0,275.63791344489323
20161129,272.14,281.43,271.14,280.49,2604851.0,0.0,270.9551349480969
20161130,280.49,281.08,272.02,275.31,2237485.0,0.0,280.6306305475504
20161201,273.55,276.0,269.95,272.55,1323885.0,0.0,275.44756566820274
20161202,273.04,274.11,265.78,266.67,1725279.0,0.0,272.68589752446746
20161205,268.36,273.96,267.01,270.93,1607425.0,0.0,266.80243613348676
20161206,272.17,277.09,271.32,276.32,1170132.0,0.0,271.06480966072456
20161207,276.44,287.27,275.11,284.29,1823965.0,0.0,276.45782988505744
20161208,285.4,285.4,278.61,279.0,1701883.0,0.0,284.4323285468122
20161209,279.74,280.49,276.51,278.75,1104692.0,0.0,279.1392101033295
20161212,281.04,281.949,275.98,277.92,1369141.0,0.0,278.8889868043603
20161213,279.59,285.1,275.34,283.86,1386300.0,0.0,278.0584311926606
20161214,283.9,293.42,281.99,288.26,2379042.0,0.0,284.0017558739255
20161215,288.16,293.74,287.99,291.22,1733975.0,0.0,288.4041947308133
20161216,292.62,294.66,287.65,288.44,2106237.0,0.0,291.36580652547224
20161219,288.96,291.995,287.09,288.91,918274.0,0.0,288.58413272311213
20161220,288.46,291.61,288.09,290.38,855279.0,0.0,289.0543190394511
20161221,290.63,292.845,288.01,291.24,787332.0,0.0,290.52507657142854
20161222,291.03,291.79,287.47,291.02,720935.0,0.0,291.385484865791
20161223,290.73,292.97,288.94,290.43,605593.0,0.0,291.16527625570774
20161227,291.55,293.29,290.0,291.8,663827.0,0.0,290.57485681688536
20161228,293.01,293.73,290.43,291.12,859296.0,0.0,291.9455553021665
20161229,291.02,294.87,290.11,292.19,942874.0,0.0,291.26508490028493
20161230,292.16,292.99,285.05,287.92,1327768.0,0.0,292.33561161731205
20170103,290.24,291.44,282.54,285.77,1675287.0,0.0,288.0630984632897
20170104,286.98,292.08,284.23,291.55,1568990.0,0.0,285.91179408418657
20170105,289.75,297.13,289.73,296.17,1687111.0,0.0,291.6949994314952
20170106,296.12,298.79,294.46,298.16,1074053.0,0.0,296.31754204545456
20170109,297.2,297.94,294.71,296.26,1560869.0,0.0,298.3085883021011
20170110,296.66,300.15,293.46,298.2,1371131.0,0.0,296.4074256526674
20170111,297.45,300.04,296.1,299.54,1193153.0,0.0,298.3484424276801
20170112,298.05,298.235,294.56,297.19,1400349.0,0.0,299.6891179138322
20170113,297.31,300.07,296.89,298.43,1018631.0,0.0,297.33770198300283
20170117,294.02,306.36,292.84,306.14,2240852.0,0.0,298.57832049830125
20170118,306.15,307.32,302.09,303.69,1183186.0,0.0,306.2925998868138
20170119,302.93,307.76,301.28,306.13,924565.0,0.0,303.8411278280543
20170120,307.64,309.18,306.16,308.44,1290580.0,0.0,306.2824217071792
20170123,307.2,309.85,306.17,308.7,973976.0,0.0,308.5936406779661
20170124,309.74,310.21,307.01,308.35,1031819.0,0.0,308.8537007340486
20170125,309.15,311.2,307.16,310.31,995918.0,0.0,308.5034164785553
20170126,333.37,341.5,324.81,333.15,12095767.0,0.0,310.46443542019176
20170127,332.92,334.12199999999996,316.96,323.55,2713078.0,0.0,333.3172232243517
20170130,323.48,325.26,316.99,324.8,1991182.0,0.0,323.7117205633803
20170131,322.65,325.27,321.03,323.95,958137.0,0.0,324.96233333333333
20170201,323.85,327.01,321.94,326.85,924664.0,0.0,324.11176364659536
20170202,325.64,326.84,324.19,324.41,822792.0,0.0,327.013303712036
20170203,325.43,329.1,324.12,328.71,1105797.0,0.0,324.5718403597527
20170206,327.83,328.28,319.18,322.6,2142979.0,0.0,328.8741651685393
20170207,322.98,325.39,321.33,323.37,1703119.0,0.0,322.7606423357664
20170208,323.55,327.5,323.2,325.73,884577.0,0.0,323.5309842873176
20170209,325.84,326.46,321.24,325.07,1116474.0,0.0,325.8922176107684
20170210,325.07,325.98,321.61,324.56,956585.0,0.0,325.2317567264574
20170213,325.0,325.12,319.4,323.02,1612111.0,0.0,324.72138039215685
20170214,321.91,323.78,320.26,322.0,1044814.0,0.0,323.18042777155654
20170215,321.85,326.18,320.02,325.18,1327928.0,0.0,322.1597672076105
20170216,320.0,327.33,317.02,324.46,1907751.0,0.0,325.34145637583896
20170217,323.87,327.1,319.72,326.55,1481438.0,0.0,324.62096366685296
20170221,324.3,326.97,321.51,325.15,1134840.0,0.0,326.71204134078215
20170222,323.3,326.12,322.46,325.14,1406967.0,0.0,325.31116917922947
20170223,326.09,326.1,321.17,324.43,1380218.0,0.0,325.3010736607143
20170224,324.38,327.31,322.72,326.75,1145357.0,0.0,324.59058784160624
20170227,326.92,328.7,324.91,326.73,897988.0,0.0,326.91179152731326
20170228,326.03,326.78,320.25,323.06,1218703.0,0.0,326.8916902506964
20170301,325.76,328.1,321.66,325.17,1446498.0,0.0,323.21955679287305
20170302,324.68,324.68,321.83,323.95,877282.0,0.0,325.3306421814135
20170303,323.57,323.57,320.51,322.32,962653.0,0.0,324.1098743047831
20170306,321.26,324.54,319.45,323.77,738845.0,0.0,322.4788793774319
20170307,323.91,327.04,322.36,323.24,977818.0,0.0,323.92959666666667
20170308,323.17,325.08,321.675,322.6,922840.0,0.0,323.39921377012774
20170309,322.87,326.1,321.43,323.14,777394.0,0.0,322.75877025527194
20170310,325.57,325.81,322.74,323.48,703130.0,0.0,323.29898169717137
20170313,323.93,325.56,323.0,324.34,732495.0,0.0,323.63908203991133
20170314,323.69,326.16,323.63,324.64,551632.0,0.0,324.49947036011076
20170315,324.84,326.892,323.82,325.38,1124998.0,0.0,324.79954817275745
20170316,324.69,326.82,323.34,323.72,724981.0,0.0,325.53986939679027
20170317,324.95,326.27,322.48,325.81,1352133.0,0.0,323.87886283185844
20170320,326.06,326.31,322.43,324.99,752794.0,0.0,325.9699303482587
20170321,325.23,326.27,319.98,320.66,801099.0,0.0,325.14938895027626
20170322,321.44,322.26,318.93,321.2,803912.0,0.0,320.81690999447824
20170323,320.5,326.75,319.5,323.62,1001453.0,0.0,321.3571214128035
20170324,324.94,327.74,323.64,325.35,1402786.0,0.0,323.7783695532267
20170327,323.74,325.76,319.61,323.14,1057569.0,0.0,325.50923594266817
20170328,322.05,325.73,320.595,324.08,1043802.0,0.0,323.29793057851236
20170329,323.9,327.115,323.28,325.94,779781.0,0.0,324.23836123348013
20170330,325.13,328.55,322.575,328.12,837099.0,0.0,326.09929774353327
20170331,326.73,330.91,326.03,327.32,963716.0,0.0,328.2804092409241
20170403,327.5,330.81,325.02,328.27,1121558.0,0.0,327.47988125343596
20170404,328.4,334.0,326.96,331.52,1572658.0,0.0,328.43031538461537
20170405,332.21,338.75,329.55,331.99,1503718.0,0.0,331.682012081274
20170406,331.75,336.96,330.55,336.8,1595442.0,0.0,332.15218111964873
20170407,337.67,338.51,330.55,330.65,1494521.0,0.0,336.9647306637411
20170410,330.45,333.15,329.56,331.37,900423.0,0.0,330.8112686403509
20170411,330.42,332.66,328.0,332.3,877273.0,0.0,331.53157479452057
20170412,331.01,335.69,330.54,334.57,1041286.0,0.0,332.461995618839
20170413,335.28,335.7,329.65,330.0,682906.0,0.0,334.73314942528737
20170417,331.73,332.71,329.08,330.36,543957.0,0.0,330.1605601750547
20170418,329.62,331.0,325.95,328.18,1339018.0,0.0,330.520669218152
20170419,330.01,335.96,328.31,333.61,979914.0,0.0,328.3393901639344
20170420,335.28,337.05,333.18,335.59,791344.0,0.0,333.7722687056254
20170421,336.44,339.64,335.74,338.48,1002510.0,0.0,335.75326091703056
20170424,340.03,342.142,338.74,340.36,1138233.0,0.0,338.64474849972726
20170425,341.98,345.3,340.89,344.5,1405590.0,0.0,340.52568375136315
20170426,345.51,350.38,344.5,345.39,1495368.0,0.0,344.6678495912806
20170427,346.1,350.35,346.1,348.8,865528.0,0.0,345.55824291938995
20170428,349.83,349.99,342.78,345.16,1251677.0,0.0,348.9700076211214
20170501,346.29,347.25,341.87,344.14,1528264.0,0.0,345.32793471164314
20170502,338.89,340.13,333.2,337.69,2490268.0,0.0,344.3072887438825
20170503,335.4,337.48,321.435,324.49,4124337.0,0.0,337.8536923913043
20170504,324.89,327.4,322.25,322.6,1782282.0,0.0,324.6464334600761
20170505,324.61,334.87,324.51,334.78,1988962.0,0.0,322.75532247557004
20170508,329.52,331.0,321.72,323.81,3222049.0,0.0,334.9418469886055
20170509,323.3,327.83,320.12,325.52,1476522.0,0.0,323.9658101952278
20170510,324.53,327.18,323.09,325.58,940339.0,0.0,325.67665257452575
20170511,325.28,327.12,323.2,324.62,1071091.0,0.0,325.73660021668474
20170512,324.8,326.6,321.8,322.0,1523690.0,0.0,324.7759956686519
20170515,322.24,324.3,320.631,321.07,1895856.0,0.0,322.1544935064935
20170516,322.36,324.05,319.21,320.01,1459293.0,0.0,321.22390697674416
20170517,319.14,320.36,312.49,313.11,2390074.0,0.0,320.1632508108108
20170518,314.16,317.87,312.56,315.88,1797353.0,0.0,313.2594403025392
20170519,315.01,318.4,313.92,315.78,1915801.0,0.0,316.03085529157664
20170522,315.78,318.51,315.52,316.42,1841655.0,0.0,315.9307199136535
20170523,317.34,320.48,314.5,318.79,1444073.0,0.0,316.57098381877023
20170524,320.2,332.28,318.301,329.04,1900032.0,0.0,318.9421800539084
20170525,329.59,336.28,329.0,333.76,2179995.0,0.0,329.1976206896552
20170526,334.38,338.91,333.01,337.44,910228.0,0.0,333.9200775444265
20170530,336.49,340.0,334.85,338.92,1062379.0,0.0,337.6019720129171
20170531,340.0,345.65,338.73,345.55,2001277.0,0.0,339.0826810112964
20170601,346.5,354.05,339.465,346.39,2390020.0,0.0,345.71615806451615
20170602,348.11,353.37,347.5,353.03,1581335.0,0.0,346.5565201504567
20170605,355.0,355.0,343.72,344.43,1478954.0,0.0,353.1999967776584
20170606,344.46,345.52,341.71,342.83,1042019.0,0.0,344.5952893183038
20170607,343.66,347.01,341.64,345.88,964354.0,0.0,342.9943422746781
20170608,344.9,345.24,333.38,337.45,1987494.0,0.0,346.04588954423593
20170609,338.51,340.125,329.97,332.84,1442706.0,0.0,337.61128295819935
20170612,330.9,339.24,329.042,338.65,1395664.0,0.0,332.9987273701125
20170613,335.99,344.22,335.99,341.81,1106276.0,0.0,338.8117526766595
20170614,342.83,344.17,336.13,338.33,1276585.0,0.0,341.9733568753344
20170615,336.81,340.57,333.5,338.34,1252577.0,0.0,338.49140855614974
20170616,337.18,340.99,331.08,340.22,2383580.0,0.0,338.5013276322822
20170619,342.0,345.19,339.97,340.26,1746412.0,0.0,340.38224572649574
20170620,337.95,339.93,329.43,333.61,2161121.0,0.0,340.42218045915644
20170621,333.85,335.505,332.25,333.88,1045865.0,0.0,333.76854535752403
20170622,333.93,340.235,333.54,334.13,1066914.0,0.0,334.0386048
20170623,334.79,335.43,326.4,330.8,3049431.0,0.0,334.2886535181237
20170626,331.68,333.64,330.17,332.65,941893.0,0.0,330.9567948854555
20170627,330.75,332.29400000000004,327.14,329.87,1448187.0,0.0,332.80769648562296
20170628,330.56,340.95,329.24,340.3,1513322.0,0.0,330.02613304949443
20170629,339.38,340.185,332.13,335.74,2025077.0,0.0,340.46159787234046
20170630,338.29,338.41,332.4,336.84,1394645.0,0.0,335.8990877192983
20170703,338.26,339.45,328.65,328.67,793720.0,0.0,336.9995876726886
20170705,329.23,335.24,328.8,335.11,1341912.0,0.0,328.8251640998407
20170706,334.01,335.52,331.06,332.18,1251939.0,0.0,335.2685
20170707,332.08,334.43,330.58,332.43,851296.0,0.0,332.33686153846156
20170710,333.13,338.4,332.1,336.6,997556.0,0.0,332.5869109225875
20170711,337.12,339.85,334.44,337.85,953620.0,0.0,336.7590376258612
20170712,340.79,344.83,339.045,342.65,1071590.0,0.0,338.0096154661017
20170713,343.07,343.23,338.0,339.04,930153.0,0.0,342.81207199576494
20170714,340.8,344.51,335.79,342.8,1085969.0,0.0,339.20007619047624
20170717,342.09,345.28,341.95,342.31,962082.0,0.0,342.96197990481227
20170718,340.98,345.42,338.4,344.61,895173.0,0.0,342.47163530655394
20170719,345.02,347.26,342.97,346.61,1225250.0,0.0,344.772764923402
20170720,346.47,349.67,344.315,345.3,1233884.0,0.0,346.77373495248156
20170721,345.3,351.87,345.3,350.07,1340981.0,0.0,345.4629572559367
20170724,349.79,350.43,345.25,348.08,1396919.0,0.0,350.23538713080166
20170725,349.47,350.885,346.57599999999996,348.0,881657.0,0.0,348.2442509225092
20170726,348.8,351.68,346.03,348.77,2265786.0,0.0,348.16412223393047
20170727,354.0,370.96,353.02,366.9,3552378.0,0.0,348.93444128488676
20170728,365.39,372.366,361.0,370.26,1599529.0,0.0,367.0738968421052
20170731,399.42,399.95,385.36,391.91,6271407.0,0.0,370.4355728563914
20170801,392.84,392.965,383.726,387.42,2273970.0,0.0,392.0968633017876
20170802,386.39,388.25,381.7,385.54,1369419.0,0.0,387.6044056752496
20170803,384.54,387.41,383.29,384.3,1006645.0,0.0,385.72332142857147
20170804,380.56,386.0,380.56,384.63,697988.0,0.0,384.4825742782152
20170807,384.65,386.45,380.77,381.02,1309008.0,0.0,384.8126516264428
20170808,380.02,393.24,378.25699999999995,389.69,1913089.0,0.0,381.20066282118506
20170809,387.89,408.83,386.38,400.9,3988087.0,0.0,389.87511215932915
20170810,398.69,404.06,396.72,398.68,1963916.0,0.0,401.0908873755893
20170811,400.08,402.45,392.6,394.49,2397961.0,0.0,398.8696251308901
20170814,398.78,405.33,397.0,401.08,2439869.0,0.0,394.67733333333337
20170815,401.05,403.36,395.92,397.73,2258024.0,0.0,401.27068200836817
20170816,399.35,402.49,397.18,400.78,1727324.0,0.0,397.91883115525354
20170817,401.0,401.65,393.17,393.36,1580604.0,0.0,400.97032601880875
20170818,391.53,396.27,390.71,392.97,1304251.0,0.0,393.54635195822453
20170821,392.75,396.9,391.38,396.45,968693.0,0.0,393.1560511482255
20170822,398.15,399.99,395.0,397.05,994184.0,0.0,396.6377694314032
20170823,396.29,396.29,390.26,390.33,1280580.0,0.0,397.237984358707
20170824,390.09,391.53,384.24,389.31,1401052.0,0.0,390.51438457529963
20170825,391.42,392.53,387.51,388.79,766611.0,0.0,389.49375729166667
20170828,390.88,391.2,385.94,389.23,988035.0,0.0,388.97339094221763
20170829,386.6,390.17,385.56,388.82,1117445.0,0.0,389.4135244536941
20170830,388.22,395.16,388.22,393.37,953625.0,0.0,389.0032158086323
20170831,394.54,398.881,392.66,398.54,1921821.0,0.0,393.5554854469855
20170901,398.93,399.34,391.87,392.48,1240566.0,0.0,398.7280748051948
20170905,392.26,395.68,388.01,393.32,1189306.0,0.0,392.6648307372794
20170906,393.58,403.65,389.295,402.5,1661063.0,0.0,393.5051707317073
20170907,404.04,404.72,387.89,395.64,2802025.0,0.0,402.6898360995851
20170908,394.63,395.6,387.0,392.9,2153117.0,0.0,395.8261814411612
20170911,394.93,397.39,380.69,381.01,2090660.0,0.0,393.08466528497405
20170912,380.92,386.16,374.7,381.57,2719389.0,0.0,381.1884122216468
20170913,381.48,386.0,379.48,385.13,1616588.0,0.0,381.74860973084884
20170914,382.17,384.76,375.76,376.0,2338034.0,0.0,385.31035902741854
20170915,375.91,377.41,367.69,369.47,5244018.0,0.0,376.1755449844881
20170918,370.2,371.51,365.9,368.17,1870865.0,0.0,369.64207958656334
20170919,368.39,369.84,360.43,364.02,3293103.0,0.0,368.341319214876
20170920,365.99,371.5,363.5,367.01,2156826.0,0.0,364.18908828084665
20170921,365.88,366.4,359.093,361.08,2374152.0,0.0,367.1805438596491
20170922,359.54,363.33,358.75,360.3,2078451.0,0.0,361.2473976276431
20170925,358.24,360.04,356.11,357.58,1773023.0,0.0,360.4669092783505
20170926,359.51,361.01,356.58,359.04,2090921.0,0.0,357.74542194744976
20170927,359.59,365.5,356.875,362.85,2252823.0,0.0,359.2060885684861
20170928,359.5,362.54,357.26,360.95,1198951.0,0.0,363.0179639732373
20170929,359.77,365.01,357.68,363.42,1307440.0,0.0,361.1169002057613
20171002,364.52,366.52,362.87,364.11,1279660.0,0.0,363.5880843187661
20171003,363.94,370.25,363.23,369.51,1271911.0,0.0,364.27835251798564
20171004,368.61,371.75800000000004,367.6,371.09,920150.0,0.0,369.68103954802257
20171005,371.54,374.99,369.51,369.72,1801627.0,0.0,371.26176283367556
20171006,370.42,370.85,366.6,367.4,1238914.0,0.0,369.8909717804002
20171009,368.1,368.69,364.64,366.05,1241260.0,0.0,367.56969435897435
20171010,365.99,368.16,362.86,364.92,1111015.0,0.0,366.2189154279857
20171011,364.06,366.97,361.03,365.12,1432621.0,0.0,365.08825
20171012,363.0,363.0,352.51,355.71,2592918.0,0.0,365.28826625704045
20171013,354.62,360.22,347.54,357.4,2699574.0,0.0,355.8733643807574
20171016,358.06,362.78,357.61,362.6,1144270.0,0.0,357.5641452685422
20171017,362.59,362.59,356.685,357.84,1178036.0,0.0,362.76671983640085
20171018,357.04,357.5,350.76,352.07,1326746.0,0.0,358.0042023505365
20171019,351.52,353.59,348.43,351.67,1979035.0,0.0,352.23117160367724
20171020,353.84,355.5,350.24,350.76,1317407.0,0.0,351.8308851454824
20171023,350.15,351.02,344.155,345.07,1831874.0,0.0,350.9203387755102
20171024,345.0,345.23,339.53,340.26,2172516.0,0.0,345.2273554309026
20171025,338.69,345.51,336.57,344.91,3518323.0,0.0,340.4148236493374
20171026,322.0,328.086,312.41,316.29,8927655.0,0.0,345.0671136016302
20171027,316.0,321.91,308.3,319.76,3539039.0,0.0,316.43246130346233
20171030,318.47,329.72,316.76,323.98,3404061.0,0.0,319.9041547073791
20171031,324.34,339.42,321.82,334.17,3727421.0,0.0,324.12622787385556
20171101,335.62,340.74,335.465,338.22,2324198.0,0.0,334.32133401118455
20171102,341.32,341.67,334.65,337.66,2074841.0,0.0,338.3733150406504
20171103,334.59,340.58,328.0,335.43,2226149.0,0.0,337.8129527679025
20171106,338.0,361.28,336.63,348.4,3956652.0,0.0,335.5817431472081
20171107,350.04,350.04,342.29,343.01,1721025.0,0.0,348.5582465753424
20171108,342.58,343.84,335.51199999999994,337.9,1372574.0,0.0,343.1654330628803
20171109,335.79,342.34,333.055,341.16,1364239.0,0.0,338.05276431829697
20171110,338.49,343.4,337.21,338.44,869900.0,0.0,341.31433839918947
